Dataset,MAE,RMSE,MAPE (%)
PeMS04,8.0305,10.0805,10.336799621582031
PeMS07,8.1811,10.2423,10.608099937438965
PeMS08,8.1999,10.3008,10.362600326538086
NYCTaxi,4.5769,5.6439,49.16619873046875
